index	label	sentence	pos	v_index	definition
0	1	The invaders spread their language all over the country.	VERB	2	To stretch out, open out  so that it more fully covers a given area of space.
1	1	Sales were climbing after prices were lowered.	VERB	2	To ascend; rise; to go up.
2	1	The moon glared back at itself from the lake's surface.	VERB	2	To stare angrily.
3	1	The cancer cells are attacking his liver.	VERB	4	To apply violent force to someone or something.
4	0	You have ruined my car by pouring sugar in the tank!	VERB	2	To cause the fiscal ruin of.
5	1	The editors of the left- leaning paper attacked the new House Speaker.	VERB	7	To apply violent force to someone or something.
6	0	tack the notice on the board.	VERB	0	To nail with a tack .
7	0	European children learn the breast stroke; they often don't know how to crawl.	VERB	12	To creep; to move slowly on hands and knees, or by dragging the body along the ground.
8	0	Please guard my possessions while I'm away.	VERB	1	To protect from danger; to secure against surprise, attack, or injury; to keep in safety; to defend.
9	0	the infection spread.	VERB	2	To stretch out, open out  so that it more fully covers a given area of space.
10	0	Gun shots volleyed at the attackers.	VERB	2	To fire a volley of shots
11	0	We exploded the nuclear bomb.	VERB	1	To destroy with an explosion.
12	1	We rotate the crops so as to maximize the use of the soil.	VERB	1	To spin, turn, or revolve.
13	1	He injected new life into the performance.	VERB	1	To push or pump  into a cavity or passage.
14	0	Meteors showered down over half of Australia.	VERB	1	To spray with .
15	1	The conversation gravitated towards politics.	VERB	2	To move under the force of gravity.
16	1	The beams scanned the night sky.	VERB	2	To examine sequentially, carefully, or critically; to scrutinize; to behold closely.
17	1	poison someone's mind.	VERB	0	To use poison to kill or paralyse .
18	1	Don't abuse the system.	VERB	1	To put to a wrong use; to misapply; to use improperly; to misuse; to use for a wrong purpose or end; to pervert
19	1	The chemical clouded the liquid to which it was added.	VERB	2	To become foggy or gloomy, or obscured from sight.
20	0	this snake swims through the soil where it lives.	VERB	2	To move through the water, without touching the bottom; to propel oneself in water by natural means.
21	0	She nags her husband all day long.	VERB	1	To continuously remind or complain to  in an annoying way, often about insignificant or unnecessary matters.
22	1	Our business was hurt by the new competition.	VERB	3	To cause  physical pain and/or injury.
23	1	The fate of Bosnia lies in the hands of the West.	VERB	4	To rest in a horizontal position on a surface.
24	1	This poses an interesting question.	VERB	1	To place in an attitude or fixed position, for the sake of effect.
25	0	I inherited a castle from my French grandparents.	VERB	1	To take possession of as a right .
26	1	stock prices are drifting higher.	VERB	3	To move slowly, especially pushed by currents of water, air, etc.
27	1	I attacked the problem as soon as I got out of bed.	VERB	1	To apply violent force to someone or something.
28	0	The wildfire scorched the forest and several homes.	VERB	2	To burn the surface of something so as to discolour it
29	0	She locked her jewels in the safe.	VERB	1	To become fastened in place.
30	1	The cold pierced her bones.	VERB	2	To puncture; to break through.
31	1	The champagne flowed at the wedding.	VERB	2	To move as a fluid from one position to another.
32	1	A hot soup will revive me.	VERB	4	To return to life; to become reanimated or reinvigorated.
33	1	Life in the camp drained him.	VERB	4	To lose liquid.
34	0	This hotel can accommodate 250 guests.	VERB	3	To render fit, suitable, or correspondent; to adapt.
35	1	Interns have to rotate for a few months.	VERB	3	To spin, turn, or revolve.
36	1	Boys gravitate towards girls at that age.	VERB	1	To move under the force of gravity.
37	1	She was besieged by so many problems that she got discouraged.	VERB	2	To beset or surround with armed forces for the purpose of compelling to surrender, to lay siege to, beleaguer.
38	0	Sound is reflected well in this auditorium.	VERB	2	To bend back  from a surface.
39	0	The container leaked gasoline.	VERB	2	To allow fluid or gas to pass through an opening that should be sealed.
40	1	Sales were climbing after prices were lowered.	VERB	2	To ascend; rise; to go up.
41	1	I salute your courage!	VERB	1	To make a gesture in honor of .
42	0	The property vests in the trustees.	VERB	2	To clothe with, or as with, a vestment, or garment; to dress; to robe; to cover, surround, or encompass closely.
43	0	They began to volley the tennis ball.	VERB	3	To fire a volley of shots
44	0	Hitler attacked Poland on September 1, 1939 and started World War II.	VERB	1	To apply violent force to someone or something.
45	1	The professor plunged his students into the study of the Italian text.	VERB	2	To thrust into liquid, or into any penetrable substance; to immerse.
46	1	Islam is fermenting Africa.	VERB	2	To react, using fermentation; especially to produce alcohol by aging or by allowing yeast to act on sugars; to brew.
47	0	preserve the forest and the lakes.	VERB	0	To protect; to keep from harm or injury.
48	0	The muscles in her face convulsed.	VERB	5	To violently shake or agitate.
49	0	Our basement flooded during the heavy rains.	VERB	2	To overflow, as by water from excessive rainfall.
50	1	sorrow had lined his face.	VERB	2	To place  into a line ; to form into a line; to align.
51	1	Middle age dulled her appetite for travel.	VERB	2	To render dull; to remove or blunt an edge or something that was sharp.
52	0	The bugs pinged the lamp shade.	VERB	2	To make a high-pitched, short and somewhat sharp sound.
53	1	the meat was swimming in a fatty gravy.	VERB	3	To move through the water, without touching the bottom; to propel oneself in water by natural means.
54	1	The new teacher tends to steamroller.	VERB	5	To level a road using a steamroller.
55	1	I can't buy this story.	VERB	2	To obtain  in exchange for money or goods
56	1	The exercise class drains me of energy.	VERB	3	To lose liquid.
57	1	His lack of interest in the project reflects badly on him.	VERB	7	To bend back  from a surface.
58	0	Goering often hunted wild boars in Poland.	VERB	2	To find or search for an animal in the wild with the intention of killing the animal for its meat or for sport.
59	1	She interrupted her pregnancy.	VERB	1	To disturb or halt  by interfering suddenly.
60	0	square the wood with a file.	VERB	0	To adjust so as to align with or place at a right angle to something else; in particular:
61	0	Her husband poisoned her drink in order to kill her.	VERB	2	To use poison to kill or paralyse .
62	1	Suspense was building right from the beginning of the opera.	VERB	2	To form  by combining materials or parts.
63	0	She vested her vast fortune in her two sons.	VERB	1	To clothe with, or as with, a vestment, or garment; to dress; to robe; to cover, surround, or encompass closely.
64	0	The bird flapped its wings.	VERB	2	To move  up and down.
65	1	Their faces were clouded with sadness.	VERB	3	To become foggy or gloomy, or obscured from sight.
66	1	She traced the circumstances of her birth.	VERB	1	To follow the trail of.
67	0	The wax melted in the sun.	VERB	2	To change  from a solid state to a liquid state, usually by a gradual heat.
68	0	inject hydrogen into the balloon.	VERB	0	To push or pump  into a cavity or passage.
69	0	The prisoner tugged at the chains.	VERB	2	to pull or drag with great effort
70	1	The bicycle looped around the tree.	VERB	2	To form something into a loop.
71	0	The nurse pricked my finger to get a small blood sample.	VERB	2	To pierce or puncture slightly.
72	1	The spaceship blazed out into space.	VERB	2	To be on fire, especially producing bright flames.
73	0	she lightened the load on the tired donkey.	VERB	1	To make brighter or clearer; to illuminate.
74	0	relax the tension on the rope.	VERB	0	To calm down.
75	1	flush the wound with antibiotics.	VERB	0	To cause to take flight from concealment.
76	0	They scraped a letter into the stone.	VERB	1	To discard.
77	0	She whistled for her maid.	VERB	1	To make a shrill, high-pitched sound by forcing air through the mouth. To produce a whistling sound, restrictions to the flow of air are created using the teeth, tongue and lips.
78	0	The bellies of the starving children are swelling.	VERB	7	To become bigger, especially due to being engorged.
79	0	our new colleague relaxed when he saw that we were a friendly group.	VERB	3	To calm down.
80	0	trace the outline of a figure in the sand.	VERB	0	To follow the trail of.
81	0	the bullet pinged when they struck the car.	VERB	2	To make a high-pitched, short and somewhat sharp sound.
82	1	stamp fruit extract the juice.	VERB	0	To step quickly and heavily, once or repeatedly.
83	0	She leaned over the banister.	VERB	1	To incline, deviate, or bend, from a vertical position; to be in a position thus inclining or deviating.
84	1	her indifference to his amorous advances really steamed the young man.	VERB	7	To cook with steam.
85	0	The ground levelled off.	VERB	2	To adjust so as to make as flat or perpendicular to the ground as possible.
86	0	The lights were flashing.	VERB	3	To cause to shine briefly or intermittently.
87	1	earthquakes convulsed the countryside.	VERB	1	To violently shake or agitate.
88	1	I can not digest all this information.	VERB	3	To distribute or arrange methodically; to work over and classify; to reduce to portions for ready use or application.
89	1	We poured money into the education of our children.	VERB	1	To cause  to flow in a stream, either out of a container or into it.
90	0	The towers were topped with conical roofs.	VERB	3	To cover on the top or with a top.
91	1	The soldiers sifted through the woods.	VERB	2	To sieve or strain .
92	1	The latest intelligence is flashed to all command posts.	VERB	4	To cause to shine briefly or intermittently.
93	0	tread grapes to make wine.	VERB	0	To step or walk ; to trample.
94	1	lay a responsibility on someone.	VERB	0	To place down in a position of rest, or in a horizontal position.
95	0	The fireflies were glowing and flying about in the garden.	VERB	3	To emit light as if heated.
96	1	The stroke clouded memories of her youth.	VERB	2	To become foggy or gloomy, or obscured from sight.
97	1	condense the contents of a book into a summary.	VERB	0	To concentrate toward the essence by making more close, compact, or dense, thereby decreasing size or volume.
98	0	A hot bath always relaxes me.	VERB	4	To calm down.
99	0	wear one's hair in a certain way.	VERB	0	To carry or have equipped on or about one's body, as an item of clothing, equipment, decoration, etc.
100	0	They poured water over the floor.	VERB	1	To cause  to flow in a stream, either out of a container or into it.
101	0	Your children have infected you with this head cold.	VERB	3	To bring  into contact with a substance that causes illness , so that the pathogen begins to act on the body;  to come into contact with  and begin to act on it.
102	0	I can breathe better when the air is clean.	VERB	2	To draw air into , and expel air from , the lungs in order to extract oxygen and excrete waste gases.
103	1	The government floated the ruble for a few months.	VERB	2	Of an object or substance, to be supported by a liquid of greater density than the object so as that part of the object or substance remains above the surface.
104	1	The crisis precipitated by Russia's revolution.	VERB	2	To make something happen suddenly and quickly.
105	0	Who erased the files form my hard disk?	VERB	1	to remove markings or information
106	1	She radiates happiness.	VERB	1	To extend, send or spread out from a center like radii.
107	0	The stunt pilot looped his plane.	VERB	3	To form something into a loop.
108	1	They taxed him failure to appear in court.	VERB	1	To impose and collect a tax from .
109	1	His heart palpitated.	VERB	2	To beat strongly or rapidly; said especially of the heart.
110	0	They bind their books in leather.	VERB	1	To tie; to confine by any ligature.
111	1	only few plants can immigrate to the island.	VERB	4	To move into a foreign country to stay permanently.
112	1	They sifted through the job candidates.	VERB	1	To sieve or strain .
113	1	The White House sits on Pennsylvania Avenue.	VERB	3	To be in a position in which the upper body is upright and supported by the buttocks.
114	0	Suddenly, the proprietor emerged from his office.	VERB	3	To come into view.
115	1	I'll ping my accountant -- April 15 is nearing.	VERB	1	To make a high-pitched, short and somewhat sharp sound.
116	0	The furniture molded in the old house.	VERB	2	To shape in or on a mold; to form into a particular shape; to give shape to.
117	0	The child drowned in the lake.	VERB	2	To die from suffocation while immersed in water or other fluid.
118	0	The cord is all twisted.	VERB	4	To turn the ends of something, usually thread, rope etc., in opposite directions, often using force.
119	0	We sailed the Atlantic.	VERB	1	To be impelled or driven forward by the action of wind upon sails, as a ship on water; to be impelled on a body of water by steam or other power.
120	0	These architects build in interesting and new styles.	VERB	2	To form  by combining materials or parts.
121	1	She could not recapture that feeling of happiness.	VERB	3	To capture something for a second or subsequent time, especially after a loss.
122	1	build a modern nation.	VERB	0	To form  by combining materials or parts.
123	1	The music swelled to a crescendo.	VERB	2	To become bigger, especially due to being engorged.
124	1	The hiker negociated the high mountain pass.	VERB	2	Obsolete form of negotiate.
125	1	Unrest erupted in the country.	VERB	1	To eject something violently .
126	0	T. Boone Pickens raided many large companies.	VERB	3	To engage in a raid against.
127	1	communicate a disease.	VERB	0	To impart
128	0	He and his sons haven't communicated for years.	VERB	5	To impart
129	0	Marsh gases ignited suddenly.	VERB	2	to set fire to , to light
130	0	She shed a lot of tears when this happened.	VERB	1	To part with, separate from, leave off; cast off, let fall, be divested of.
131	1	The critics puffed up this Broadway production.	VERB	2	To emit smoke, gas, etc., in puffs.
132	0	crush an aluminum can.	VERB	0	To press between two hard objects; to squeeze so as to alter the natural shape or integrity of it, or to force together into a mass.
133	1	The businessman kited millions of dollars.	VERB	2	To assemble or collect something into kits or sets or to give somebody a kit. See also kit out and other derived phrases.
134	1	The thought of her unhappiness pricked his conscience.	VERB	5	To pierce or puncture slightly.
135	0	The old man was nodding in his chair.	VERB	4	To incline the head up and down, as to indicate agreement.
136	1	They fastened various nicknames to each other.	VERB	1	To attach or connect in a secure manner.
137	0	heap firewood around the fireplace.	VERB	0	To pile in a heap.
138	1	She spelled her husband at the wheel.	VERB	1	To put under the influence of a spell; to affect by a spell; to bewitch; to fascinate; to charm.
139	1	Her interest in butterflies absorbs her completely.	VERB	4	To include so that it no longer has separate existence; to overwhelm; to cause to disappear as if by swallowing up; to incorporate; to assimilate; to take in and use up.
140	0	snow drifting several feet high.	VERB	1	To move slowly, especially pushed by currents of water, air, etc.
141	0	We tasted wines last night.	VERB	1	To sample the flavor of something orally.
142	1	They hunted the unwanted immigrants out of the neighborhood.	VERB	1	To find or search for an animal in the wild with the intention of killing the animal for its meat or for sport.
143	0	The government is building new schools in this state.	VERB	3	To form  by combining materials or parts.
144	1	form the young child's character.	VERB	0	To assume .
145	1	The hikers topped the mountain just before noon.	VERB	2	To cover on the top or with a top.
146	1	She clawed the doorknob.	VERB	1	To scratch or to tear at.
147	1	the government digested the entire law into a code.	VERB	2	To distribute or arrange methodically; to work over and classify; to reduce to portions for ready use or application.
148	1	His laughter infects everyone who is in the same room.	VERB	2	To bring  into contact with a substance that causes illness , so that the pathogen begins to act on the body;  to come into contact with  and begin to act on it.
149	0	Hitler invaded Poland on September 1, 1939.	VERB	1	To move into.
150	0	Water leaked out of the can into the backpack.	VERB	1	To allow fluid or gas to pass through an opening that should be sealed.
151	1	Some people can down a pound of meat in the course of one meal.	VERB	3	To knock  down; to cause to come down, to fell.
152	1	The tooth erupted and had to be extracted.	VERB	2	To eject something violently .
153	0	pin the needle to the shirt.	VERB	0	To fasten or attach  with a pin.
154	1	The residents of this village adhered to Catholicism.	VERB	5	To stick fast or cleave, as a glutinous substance does; to become joined or united.
155	1	he buzzed the servant.	VERB	1	To make a low, continuous, humming or sibilant sound, like that made by bees with their wings.
156	1	My skin crawled -- I was terrified.	VERB	2	To creep; to move slowly on hands and knees, or by dragging the body along the ground.
157	0	He pushed the table into a corner.	VERB	1	To apply a force to  such that it moves away from the person or thing applying the force.
158	1	The steering of my new car answers to the slightest touch.	VERB	6	To make a reply or response to.
159	1	Her husband often abuses alcohol.	VERB	3	To put to a wrong use; to misapply; to use improperly; to misuse; to use for a wrong purpose or end; to pervert
160	0	pigs were wallowing in the mud.	VERB	2	To roll oneself about in something dirty, for example in mud.
161	0	Are the letters properly stamped?	VERB	4	To step quickly and heavily, once or repeatedly.
162	1	inflate the currency.	VERB	0	To enlarge an object by pushing air  into it; to raise or expand abnormally
163	0	The water swells the wood.	VERB	2	To become bigger, especially due to being engorged.
164	0	The path ascended to the top of the hill.	VERB	2	To move upward, to fly, to soar.
165	0	The champagne bottle exploded.	VERB	3	To destroy with an explosion.
166	0	These books sell like hot cakes.	VERB	2	To transfer goods or provide services in exchange for money.
167	0	She inclined her head to the student.	VERB	1	To bend or move  out of a given plane or direction, often the horizontal or vertical.
168	0	She sowed sunflower seeds.	VERB	1	To scatter, disperse, or plant .
169	1	The rules relaxed after the new director arrived.	VERB	2	To calm down.
170	0	Water sprayed all over the floor.	VERB	1	To project a liquid in a dispersive manner toward something.
171	0	The spasm convulses her facial muscles.	VERB	2	To violently shake or agitate.
172	1	sow suspicion or beliefs.	VERB	0	To scatter, disperse, or plant .
173	0	Many people immigrated at the beginning of the 20th century.	VERB	2	To move into a foreign country to stay permanently.
174	0	They poured water over the floor.	VERB	1	To cause  to flow in a stream, either out of a container or into it.
175	0	There will be men guarding the horses.	VERB	4	To protect from danger; to secure against surprise, attack, or injury; to keep in safety; to defend.
176	1	Inheritance may not ascend linearly.	VERB	3	To move upward, to fly, to soar.
177	0	the player juggled the ball.	VERB	2	To manipulate objects, such as balls, clubs, beanbags, rings, etc. in an artful or artistic manner. Juggling may also include assorted other circus skills such as the diabolo, devil sticks, hat, and cigar box manipulation as well.
178	0	the invaders seized the land and property of the inhabitants.	VERB	2	To deliberately take hold of; to grab or capture.
179	0	mount slides for macroscopic analysis.	VERB	0	To get upon; to ascend; to climb.
180	0	She neutralized the solution.	VERB	1	To make even, inactive or ineffective.
181	1	The mother drinks in every word of her son on the stage.	VERB	2	To consume  through the mouth.
182	0	Our office is fully computerized now.	VERB	4	To convert a manual function or system into a computer system.
183	1	She designed a good excuse for not attending classes that day.	VERB	1	To plan and carry out .
184	0	We drained the oil tank.	VERB	1	To lose liquid.
185	0	The father is portrayed as a good- looking man in this painting.	VERB	3	To paint or draw the likeness of.
186	1	Meteors blazed across the atmosphere.	VERB	1	To be on fire, especially producing bright flames.
187	1	The sun glared down on us.	VERB	2	To stare angrily.
188	1	She had to juggle her job and her children.	VERB	3	To manipulate objects, such as balls, clubs, beanbags, rings, etc. in an artful or artistic manner. Juggling may also include assorted other circus skills such as the diabolo, devil sticks, hat, and cigar box manipulation as well.
189	1	He swallowed his words.	VERB	1	To cause  to pass from the mouth into the stomach; to take into the stomach through the throat.
190	0	grind the spices in a mortar.	VERB	0	To reduce to smaller pieces by crushing with lateral motion.
191	0	He floated the logs down the river.	VERB	1	Of an object or substance, to be supported by a liquid of greater density than the object so as that part of the object or substance remains above the surface.
192	1	Companies will now stampede to release their latest software.	VERB	3	To run away in a panic; said of cattle, horses, etc., also of armies.
193	1	She stuffed herself at the dinner.	VERB	1	To fill by packing or crowding something into; to cram with something; to load to excess.
194	1	He kited many checks.	VERB	1	To assemble or collect something into kits or sets or to give somebody a kit. See also kit out and other derived phrases.
195	0	paste the sign on the wall.	VERB	0	To stick with paste; to cause to adhere by or as if by paste.
196	1	The ex- boxer's job is to bounce people who want to enter this private club.	VERB	6	To change the direction of motion after hitting an obstacle.
197	1	Our economy precipitated into complete ruin.	VERB	2	To make something happen suddenly and quickly.
198	0	We can compare the Han dynasty to the Romans.	VERB	2	To assess the similarities and differences between two or more things . Having made the comparison of X with Y, one might have found it similar to Y or different from Y.
199	0	The liquid fills the container.	VERB	2	To occupy fully, to take up all of.
200	0	Will this wallpaper adhere to the wall?	VERB	3	To stick fast or cleave, as a glutinous substance does; to become joined or united.
201	0	This dress spots quickly.	VERB	2	To see, find; to pick out, notice, locate, distinguish or identify.
202	0	Did you ever climb up the hill behind your house?	VERB	3	To ascend; rise; to go up.
203	1	The Nazis swallowed the Baltic countries.	VERB	2	To cause  to pass from the mouth into the stomach; to take into the stomach through the throat.
204	0	The actress abused the policeman who gave her a parking ticket.	VERB	2	To put to a wrong use; to misapply; to use improperly; to misuse; to use for a wrong purpose or end; to pervert
205	1	The unknown young man drifted among the invited guests.	VERB	4	To move slowly, especially pushed by currents of water, air, etc.
206	0	The curtain ripped from top to bottom.	VERB	2	To divide or separate the parts of , by cutting or tearing; to tear off or out by violence.
207	1	This experience transformed her completely.	VERB	2	To change greatly the appearance or form of.
208	1	The dancer floated across the stage.	VERB	2	Of an object or substance, to be supported by a liquid of greater density than the object so as that part of the object or substance remains above the surface.
209	1	The cigar smoke curled up at the ceiling.	VERB	3	To cause to move in a curve.
210	1	She scanned the newspaper headlines while waiting for the taxi.	VERB	1	To examine sequentially, carefully, or critically; to scrutinize; to behold closely.
211	1	This behavior will ruin your chances of winning the election.	VERB	3	To cause the fiscal ruin of.
212	1	A weather vane crowns the building.	VERB	3	To place a crown on the head of.
213	0	The teacher nodded when the student gave the right answer.	VERB	2	To incline the head up and down, as to indicate agreement.
214	0	The pothole fractured a bolt on the axle.	VERB	2	To break, or cause something to break.
215	0	It can transform energy to light.	VERB	2	To change greatly the appearance or form of.
216	1	The Senator blistered the administration in his speech on Friday.	VERB	2	To raise blisters on.
217	0	lay the books on the table.	VERB	0	To place down in a position of rest, or in a horizontal position.
218	0	She wanted to buy his love with her dedication to him and his work.	VERB	3	To obtain  in exchange for money or goods
219	1	Actions talk louder than words.	VERB	1	To communicate, usually by means of speech.
220	1	He pumped bullets into the dummy.	VERB	1	To use a pump to move .
221	0	The baby talks already.	VERB	2	To communicate, usually by means of speech.
222	0	grind lenses for glasses and cameras.	VERB	0	To reduce to smaller pieces by crushing with lateral motion.
223	1	They clawed their way to the top of the mountain.	VERB	1	To scratch or to tear at.
224	1	The immigrants were quickly absorbed into society.	VERB	4	To include so that it no longer has separate existence; to overwhelm; to cause to disappear as if by swallowing up; to incorporate; to assimilate; to take in and use up.
225	1	The liberal party pushed for reforms.	VERB	3	To apply a force to  such that it moves away from the person or thing applying the force.
226	1	The ostentatious way of living of the rich ignites the hatred of the poor.	VERB	8	to set fire to , to light
227	1	flood the market with tennis shoes.	VERB	0	To overflow, as by water from excessive rainfall.
228	0	The police raided the crack house.	VERB	2	To engage in a raid against.
229	0	The cold air condensed the steam.	VERB	3	To concentrate toward the essence by making more close, compact, or dense, thereby decreasing size or volume.
230	0	Goya wanted to portray his mistress, the Duchess of Alba.	VERB	3	To paint or draw the likeness of.
231	0	The cat scraped at the armchair.	VERB	2	To discard.
232	0	I inherited my good eyesight from my mother.	VERB	1	To take possession of as a right .
233	0	steamroller the road.	VERB	0	To level a road using a steamroller.
234	1	He was locked in a laughing fit.	VERB	2	To become fastened in place.
235	0	The passenger grabbed for the oxygen mask.	VERB	2	To grip suddenly; to seize; to clutch.
236	0	The girl glared at the man who tried to make a pass at her.	VERB	2	To stare angrily.
237	0	We interrupt the program for the following messages.	VERB	1	To disturb or halt  by interfering suddenly.
238	0	I can not digest milk products.	VERB	3	To distribute or arrange methodically; to work over and classify; to reduce to portions for ready use or application.
239	0	Johnson brushed the hairs from his jacket.	VERB	1	To clean with a brush.
240	1	wallow in your success!	VERB	0	To roll oneself about in something dirty, for example in mud.
241	1	The problem roots in her depression.	VERB	2	To grow roots; to enter the earth, as roots; to take root and begin to grow.
242	0	When the officers show up, the soldiers have to salute.	VERB	9	To make a gesture in honor of .
243	0	smother the meat in gravy.	VERB	0	To suffocate; stifle; obstruct, more or less completely, the respiration of something or someone.
244	0	Lock the bike to the fence!	VERB	0	To become fastened in place.
245	1	The oscillator hunts about the correct frequency.	VERB	2	To find or search for an animal in the wild with the intention of killing the animal for its meat or for sport.
246	0	heap the platter with potatoes.	VERB	0	To pile in a heap.
247	0	The sales clerk quickly seized the money on the counter.	VERB	4	To deliberately take hold of; to grab or capture.
248	0	blood stagnates in the capillaries.	VERB	1	To cease motion, activity, or progress:
249	0	fuel aircraft, ships, and cars.	VERB	0	To provide with fuel.
250	0	male birds tread the females.	VERB	2	To step or walk ; to trample.
251	1	This office is buzzing with activity.	VERB	3	To make a low, continuous, humming or sibilant sound, like that made by bees with their wings.
252	1	trees line the riverbank.	VERB	1	To place  into a line ; to form into a line; to align.
253	1	He downed three martinis before dinner.	VERB	1	To knock  down; to cause to come down, to fell.
254	1	They were locked in embrace.	VERB	2	To become fastened in place.
255	1	The police smashed the drug ring after they were tipped off.	VERB	2	To break  violently.
256	0	This boss abuses his workers.	VERB	2	To put to a wrong use; to misapply; to use improperly; to misuse; to use for a wrong purpose or end; to pervert
257	0	The Crown Prince was acknowledged as the true heir to the throne.	VERB	4	To admit the knowledge of; to recognize as a fact or truth; to declare one's belief in
258	0	load the truck with hay.	VERB	0	To put a load on or in .
259	0	This sum will buy you a ride on the train.	VERB	3	To obtain  in exchange for money or goods
260	1	The company dumped him after many years of service.	VERB	2	To release, especially in large quantities and chaotic manner.
261	0	This dress fastens in the back.	VERB	2	To attach or connect in a secure manner.
262	0	She molded the rice balls carefully.	VERB	1	To shape in or on a mold; to form into a particular shape; to give shape to.
263	0	He nodded his approval.	VERB	1	To incline the head up and down, as to indicate agreement.
264	1	She devoured his novels.	VERB	1	To eat quickly, greedily, hungrily, or ravenously.
265	1	The mountain was splashed with snow.	VERB	3	To hit or agitate liquid so that part of it separates from the principal liquid mass.
266	0	bees were buzzing around the hive.	VERB	2	To make a low, continuous, humming or sibilant sound, like that made by bees with their wings.
267	1	the flowers were nodding in the breeze.	VERB	3	To incline the head up and down, as to indicate agreement.
268	0	We painted the rooms yellow.	VERB	1	To apply paint to.
269	0	Her faced puffed up from the drugs.	VERB	2	To emit smoke, gas, etc., in puffs.
270	1	He pasted his opponent.	VERB	1	To stick with paste; to cause to adhere by or as if by paste.
271	1	This vaccine will guard you against infection.	VERB	3	To protect from danger; to secure against surprise, attack, or injury; to keep in safety; to defend.
272	0	The Serbs attacked the village at night.	VERB	2	To apply violent force to someone or something.
273	1	Am I supposed to swallow that story?	VERB	4	To cause  to pass from the mouth into the stomach; to take into the stomach through the throat.
274	0	I will lend you my car.	VERB	2	To allow to be used by someone temporarily, on condition that it or its equivalent will be returned.
275	0	He brushed the wall lightly.	VERB	1	To clean with a brush.
276	0	engrave the pen with the owner's name.	VERB	0	To carve text or symbols into , usually for the purposes of identification or art.
277	0	The prince was crowned in Westminster Abbey.	VERB	3	To place a crown on the head of.
278	1	This play is going to ruffle some people.	VERB	5	To make a ruffle in; to curl or flute, as an edge of fabric.
279	0	The truck dumped the garbage in the street.	VERB	2	To release, especially in large quantities and chaotic manner.
280	0	commit a random act of kindness.	VERB	0	To give in trust; to put into charge or keeping; to entrust; to consign; used with to or formerly unto.
281	1	The French try to sell us their image as great lovers.	VERB	4	To transfer goods or provide services in exchange for money.
282	1	Every star seemed to flare with new intensity.	VERB	4	To cause to burn.
283	0	They plan to uproot the vine that has spread all over the garden.	VERB	3	
284	1	We had to sharpen our arguments.	VERB	3	To make sharp.
285	0	We haven't even begun to map the many galaxies that we know exist.	VERB	5	To represent by means of a map.
286	0	The needle pierced her flesh.	VERB	2	To puncture; to break through.
287	0	The car crushed the toy.	VERB	2	To press between two hard objects; to squeeze so as to alter the natural shape or integrity of it, or to force together into a mass.
288	1	The government relaxed the curfew after most of the rebels were caught.	VERB	2	To calm down.
289	1	She pumped the witnesses for information.	VERB	1	To use a pump to move .
290	0	She splashed the water around her.	VERB	1	To hit or agitate liquid so that part of it separates from the principal liquid mass.
291	0	the surgeon scanned the X- ray.	VERB	2	To examine sequentially, carefully, or critically; to scrutinize; to behold closely.
292	1	The mess in his dorm room reflects on the student.	VERB	6	To bend back  from a surface.
293	1	I'm afraid this spells trouble!	VERB	3	To put under the influence of a spell; to affect by a spell; to bewitch; to fascinate; to charm.
294	1	The bullets whistled past him.	VERB	2	To make a shrill, high-pitched sound by forcing air through the mouth. To produce a whistling sound, restrictions to the flow of air are created using the teeth, tongue and lips.
295	1	The river thundered below.	VERB	2	To produce thunder; to sound, rattle, or roar, as a discharge of atmospheric electricity; often used impersonally.
296	0	the salesman pounded the door knocker.	VERB	2	To confine in, or as in, a pound; to impound.
297	0	The gun kicked back into my shoulder.	VERB	2	To strike or hit with the foot or other extremity of the leg.
298	1	Age and experience mellowed him over the years.	VERB	3	
299	0	acknowledge the deed.	VERB	0	To admit the knowledge of; to recognize as a fact or truth; to declare one's belief in
300	1	the rebels had salted the fields with mines and traps.	VERB	3	To add salt to.
301	0	The vessel was shipwrecked.	VERB	3	To wreck a boat through a collision or mishap.
302	1	Interest in ESP revived.	VERB	3	To return to life; to become reanimated or reinvigorated.
303	0	The addict was snorting cocaine almost every day.	VERB	3	To make a snort; to exhale roughly through the nose.
304	0	The doctors revived the comatose man.	VERB	2	To return to life; to become reanimated or reinvigorated.
305	1	He absorbed the costs for the accident.	VERB	1	To include so that it no longer has separate existence; to overwhelm; to cause to disappear as if by swallowing up; to incorporate; to assimilate; to take in and use up.
306	0	deflate the air mattress.	VERB	0	To remove air or some other gas from within an elastic container, e.g. a balloon or tyre
307	1	She is pushing fifty.	VERB	2	To apply a force to  such that it moves away from the person or thing applying the force.
308	0	the pilot managed to land the airplane safely.	VERB	4	To descend to a surface, especially from the air.
309	0	The pool slowly filled with water.	VERB	3	To occupy fully, to take up all of.
310	0	blue paint dashed with white.	VERB	2	To run quickly or for a short distance.
311	0	The sun radiates heat.	VERB	2	To extend, send or spread out from a center like radii.
312	1	I wrestled with this decision for years.	VERB	1	To contend, with an opponent, by grappling and attempting to throw, immobilize or otherwise defeat him, depending on the specific rules of the contest
313	0	the water formed little beads.	VERB	2	To assume .
314	1	a terrible stench saluted our nostrils.	VERB	3	To make a gesture in honor of .
315	1	Her optimism whistled away these worries.	VERB	2	To make a shrill, high-pitched sound by forcing air through the mouth. To produce a whistling sound, restrictions to the flow of air are created using the teeth, tongue and lips.
316	1	The huge waves swallowed the small boat and it sank shortly thereafter.	VERB	3	To cause  to pass from the mouth into the stomach; to take into the stomach through the throat.
317	0	Thunderbolts can stampede animals.	VERB	2	To run away in a panic; said of cattle, horses, etc., also of armies.
318	1	The scream pierced the night.	VERB	2	To puncture; to break through.
319	1	My son drifted around for years in California before going to law school.	VERB	2	To move slowly, especially pushed by currents of water, air, etc.
384	0	trench the fallen soldiers.	VERB	0	To invade, especially with regard to the rights or the exclusive authority of another; to encroach.
385	0	The child colored the drawings.	VERB	2	To give something color.
386	1	The path climbed all the way to the top of the hill.	VERB	2	To ascend; rise; to go up.
387	1	key one's actions to the voters' prevailing attitude.	VERB	0	To fit  with a key.
388	1	This writer really fractures the language.	VERB	3	To break, or cause something to break.
389	0	Please erase the formula on the blackboard -- it is wrong!	VERB	1	to remove markings or information
390	1	The bus thundered down the road.	VERB	2	To produce thunder; to sound, rattle, or roar, as a discharge of atmospheric electricity; often used impersonally.
391	0	The horse was galloping along.	VERB	3	To run at a gallop.
392	1	The bad review of his work deflated his self- confidence.	VERB	6	To remove air or some other gas from within an elastic container, e.g. a balloon or tyre
393	0	We ascended the mountain.	VERB	1	To move upward, to fly, to soar.
394	0	The horse finally tugged the cart out of the mud.	VERB	3	to pull or drag with great effort
395	1	The rooms communicated.	VERB	2	To impart
396	0	Did you ever visit Paris?.	VERB	3	To habitually go to  to comfort them.
397	1	I swallowed my anger and kept quiet.	VERB	1	To cause  to pass from the mouth into the stomach; to take into the stomach through the throat.
398	0	My nose is all stuffed.	VERB	4	To fill by packing or crowding something into; to cram with something; to load to excess.
399	1	the kettle was singing.	VERB	3	To produce musical or harmonious sounds with oneâ€™s voice.
400	0	spray water on someone.	VERB	0	To project a liquid in a dispersive manner toward something.
401	1	The company matched the employees' contributions.	VERB	2	To agree; to be equal; to correspond.
402	0	We must acknowledge the kindness she showed towards us.	VERB	2	To admit the knowledge of; to recognize as a fact or truth; to declare one's belief in
403	0	The rain water drains into this big vat.	VERB	3	To lose liquid.
404	0	The question concerning the meaning of life can not be answered.	VERB	10	To make a reply or response to.
405	0	She whistled a melody.	VERB	1	To make a shrill, high-pitched sound by forcing air through the mouth. To produce a whistling sound, restrictions to the flow of air are created using the teeth, tongue and lips.
406	1	The news were leaked to the paper.	VERB	3	To allow fluid or gas to pass through an opening that should be sealed.
407	1	The book portrays the actor as a selfish person.	VERB	2	To paint or draw the likeness of.
408	0	The architect decided to stagger the chairs in the lecture hall.	VERB	4	Sway unsteadily, reel, or totter.
409	0	The bird ruffled its feathers.	VERB	2	To make a ruffle in; to curl or flute, as an edge of fabric.
410	1	The Republicans are floating the idea of a tax reform.	VERB	3	Of an object or substance, to be supported by a liquid of greater density than the object so as that part of the object or substance remains above the surface.
411	0	he devoured three sandwiches.	VERB	1	To eat quickly, greedily, hungrily, or ravenously.
412	1	Every summer, we visited our relatives in the country for a month.	VERB	3	To habitually go to  to comfort them.
413	0	The wrestler twisted his shoulder.	VERB	2	To turn the ends of something, usually thread, rope etc., in opposite directions, often using force.
414	1	Tears guttered down her face.	VERB	1	To flow or stream; to form gutters.
415	1	mount a campaign against pornography.	VERB	0	To get upon; to ascend; to climb.
416	0	ping your machine in the office.	VERB	0	To make a high-pitched, short and somewhat sharp sound.
417	1	The listeners bolted when he discussed his strange ideas.	VERB	2	To connect or assemble pieces using a bolt.
418	0	A star tops the Christmas Tree.	VERB	2	To cover on the top or with a top.
419	0	the bodybuilder's neck muscles tensed.	VERB	4	To apply a tense to.
420	1	fill the child with pride.	VERB	0	To occupy fully, to take up all of.
421	1	The prisoners are safely pounded.	VERB	4	To confine in, or as in, a pound; to impound.
422	1	The war inflated the economy.	VERB	2	To enlarge an object by pushing air  into it; to raise or expand abnormally
423	0	The military forces managed to recapture the fort.	VERB	5	To capture something for a second or subsequent time, especially after a loss.
424	1	Our new synthetic fabric breathes and is perfect for summer wear.	VERB	4	To draw air into , and expel air from , the lungs in order to extract oxygen and excrete waste gases.
425	0	sow the ground with sunflower seeds.	VERB	0	To scatter, disperse, or plant .
426	1	Fear clogged her mind.	VERB	1	To block or slow passage through .
427	0	The sailors decided to tack the boat.	VERB	4	To nail with a tack .
428	0	negociate securities.	VERB	0	Obsolete form of negotiate.
429	1	This new colleague invades my territory.	VERB	3	To move into.
430	1	The Turks erased the Armenians in 1915.	VERB	2	to remove markings or information
431	0	color the walls with paint in warm tones.	VERB	0	To give something color.
432	1	The scientists had to accommodate the new results with the existing theories.	VERB	4	To render fit, suitable, or correspondent; to adapt.
433	1	Fame redounds to the heroes.	VERB	1	To contribute to an advantage or disadvantage for someone or something.
434	1	one idea squares with the other one.	VERB	2	To adjust so as to align with or place at a right angle to something else; in particular:
435	0	The stars gravitate towards each other.	VERB	2	To move under the force of gravity.
436	1	The new measures deflated the economy.	VERB	3	To remove air or some other gas from within an elastic container, e.g. a balloon or tyre
437	0	She talks a lot of nonsense.	VERB	1	To communicate, usually by means of speech.
438	0	We ferment the grapes for a very long time to achieve high alcohol content.	VERB	1	To react, using fermentation; especially to produce alcohol by aging or by allowing yeast to act on sugars; to brew.
439	0	Chanel designed the famous suit.	VERB	1	To plan and carry out .
440	0	Protein digests in a few hours.	VERB	1	To distribute or arrange methodically; to work over and classify; to reduce to portions for ready use or application.
441	0	The leaves clog our drains in the Fall.	VERB	2	To block or slow passage through .
442	0	Her feet blistered during the long hike.	VERB	2	To raise blisters on.
443	0	' Now push hard', said the doctor to the woman.	VERB	2	To apply a force to  such that it moves away from the person or thing applying the force.
444	0	The sun radiates heat.	VERB	2	To extend, send or spread out from a center like radii.
445	0	He fastened the lock onto the door.	VERB	1	To attach or connect in a secure manner.
446	1	This story will grab you.	VERB	3	To grip suddenly; to seize; to clutch.
447	0	Water flowed into the cave.	VERB	1	To move as a fluid from one position to another.
448	1	sorrow was mapped on the mother's face.	VERB	2	To represent by means of a map.
449	0	The heavy rain guttered the soil.	VERB	3	To flow or stream; to form gutters.
450	0	The ship landed in Pearl Harbor.	VERB	2	To descend to a surface, especially from the air.
451	1	The dress molds her beautiful figure.	VERB	2	To shape in or on a mold; to form into a particular shape; to give shape to.
452	1	build a defense on nothing but the accused person's reputation.	VERB	0	To form  by combining materials or parts.
453	0	Boost the voltage in an electrical circuit.	VERB	0	To lift or push from behind ; to push up.
454	0	The Japanese marched their prisoners through Manchuria.	VERB	2	To walk with long, regular strides, as a soldier does.
455	0	stuff a pillow with feathers.	VERB	0	To fill by packing or crowding something into; to cram with something; to load to excess.
456	0	reform a political system.	VERB	0	To put into a new and improved form or condition; to restore to a former good state, or bring from bad to good; to change from worse to better
457	0	This exercise will hurt your back.	VERB	3	To cause  physical pain and/or injury.
458	0	The coals were glowing in the dark.	VERB	3	To emit light as if heated.
459	0	spray the wall with paint.	VERB	0	To project a liquid in a dispersive manner toward something.
460	1	Let them match their best athletes against ours.	VERB	2	To agree; to be equal; to correspond.
461	1	preserve the peace in the family.	VERB	0	To protect; to keep from harm or injury.
462	1	The new chairman inherited many problems from the previous chair.	VERB	3	To take possession of as a right .
463	1	steamroller the opposition.	VERB	0	To level a road using a steamroller.
464	1	She was crushed by his refusal of her invitation.	VERB	2	To press between two hard objects; to squeeze so as to alter the natural shape or integrity of it, or to force together into a mass.
465	1	horses were clogged until they were tamed.	VERB	2	To block or slow passage through .
466	1	the conversation lightened me up a bit.	VERB	2	To make brighter or clearer; to illuminate.
467	0	The driver jammed the brake pedal to the floor.	VERB	2	To get something stuck, often  in a confined space.
468	1	She wanted to ruffle his composure.	VERB	3	To make a ruffle in; to curl or flute, as an edge of fabric.
469	1	she snorted her disapproval of the proposed bridegroom.	VERB	1	To make a snort; to exhale roughly through the nose.
470	1	She swallowed the last words of her speech.	VERB	1	To cause  to pass from the mouth into the stomach; to take into the stomach through the throat.
471	0	The balloons deflated.	VERB	2	To remove air or some other gas from within an elastic container, e.g. a balloon or tyre
472	0	The patient must drink several liters each day.	VERB	3	To consume  through the mouth.
473	1	The market is being clogged by these operations.	VERB	4	To block or slow passage through .
474	1	Her feelings condensed.	VERB	2	To concentrate toward the essence by making more close, compact, or dense, thereby decreasing size or volume.
475	1	Industry will stagnate if we do not stimulate our economy.	VERB	2	To cease motion, activity, or progress:
476	0	The fishermen tied their flies.	VERB	2	To twist  around itself securely.
477	0	They tied their victim to the chair.	VERB	1	To twist  around itself securely.
478	0	The singer had to be boosted onto the stage by a special contraption.	VERB	5	To lift or push from behind ; to push up.
479	1	The treaty neutralized the small republic.	VERB	2	To make even, inactive or ineffective.
480	0	her sunglasses reflected his image.	VERB	2	To bend back  from a surface.
481	1	He revived this style of opera.	VERB	1	To return to life; to become reanimated or reinvigorated.
482	0	The swollen river flooded the village.	VERB	3	To overflow, as by water from excessive rainfall.
483	1	Greed and ambition composed his personality.	VERB	3	To make something by merging parts.
484	1	The hydrogen binds the oxygen.	VERB	2	To tie; to confine by any ligature.
485	0	He made some sexual advances at the woman in his office and groped her repeatedly.	VERB	12	To search or attempt to find something in the dark, or, as a blind person, by feeling; to move about hesitatingly, as in darkness or obscurity; to feel one's way, as with the hands, when one can not see.
486	0	Every summer, we visited our relatives in the country for a month.	VERB	3	To habitually go to  to comfort them.
487	1	He locked his hands around her neck.	VERB	1	To become fastened in place.
488	1	The stock market drifted upward.	VERB	3	To move slowly, especially pushed by currents of water, air, etc.
489	1	the stock market plunged.	VERB	3	To thrust into liquid, or into any penetrable substance; to immerse.
490	1	their manes streamed like stiff black pennants in the wind.	VERB	2	To flow in a continuous or steady manner, like a liquid.
491	1	I heard him volley a string of curses.	VERB	3	To fire a volley of shots
492	1	Her optimism neutralizes his gloom.	VERB	2	To make even, inactive or ineffective.
493	0	Beethoven composed nine symphonies.	VERB	1	To make something by merging parts.
494	0	The drunken man staggered into the room.	VERB	3	Sway unsteadily, reel, or totter.
495	0	We had to swim for 20 minutes to reach the shore.	VERB	3	To move through the water, without touching the bottom; to propel oneself in water by natural means.
496	1	The locks pound the water of the canal.	VERB	2	To confine in, or as in, a pound; to impound.
497	0	We injected the glucose into the patient's vein.	VERB	1	To push or pump  into a cavity or passage.
498	0	The plastic bottle crushed against the wall.	VERB	3	To press between two hard objects; to squeeze so as to alter the natural shape or integrity of it, or to force together into a mass.
499	0	this plant roots quickly.	VERB	2	To grow roots; to enter the earth, as roots; to take root and begin to grow.
500	1	She was streaming with sweat.	VERB	2	To flow in a continuous or steady manner, like a liquid.
501	1	They topped off their dinner with a cognac.	VERB	1	To cover on the top or with a top.
502	0	He painted his mistress many times.	VERB	1	To apply paint to.
503	1	he flashed a$ 100 bill.	VERB	1	To cause to shine briefly or intermittently.
504	0	The tanker fueled in Bahrain.	VERB	2	To provide with fuel.
505	1	His political ideas color his lectures.	VERB	3	To give something color.
506	1	fuel the debate on creationism.	VERB	0	To provide with fuel.
507	1	She had scraped together enough money for college.	VERB	2	To discard.
508	1	nagging concerns and doubts.	VERB	0	To continuously remind or complain to  in an annoying way, often about insignificant or unnecessary matters.
509	0	The wine spotted the tablecloth.	VERB	2	To see, find; to pick out, notice, locate, distinguish or identify.
510	0	Vesuvius erupts once in a while.	VERB	1	To eject something violently .
511	0	The motorcycle smashed into the guard rail.	VERB	2	To break  violently.
512	0	She poisoned her husband.	VERB	1	To use poison to kill or paralyse .
513	0	The bird landed on the highest branch.	VERB	2	To descend to a surface, especially from the air.
514	0	map the surface of Venus.	VERB	0	To represent by means of a map.
515	1	society was infected by racism.	VERB	2	To bring  into contact with a substance that causes illness , so that the pathogen begins to act on the body;  to come into contact with  and begin to act on it.
516	0	The program committee acknowledged the submission of the authors of the paper.	VERB	3	To admit the knowledge of; to recognize as a fact or truth; to declare one's belief in
517	0	She smashed her car against the guard rail.	VERB	1	To break  violently.
518	1	mount a theater production.	VERB	0	To get upon; to ascend; to climb.
519	0	letters trenched into the stone.	VERB	1	To invade, especially with regard to the rights or the exclusive authority of another; to encroach.
520	0	the pig was rooting for truffles.	VERB	3	To grow roots; to enter the earth, as roots; to take root and begin to grow.
521	0	The tugboat tugged the freighter into the harbor.	VERB	2	to pull or drag with great effort
522	0	We preserve these archeological findings.	VERB	1	To protect; to keep from harm or injury.
523	1	capture the essence of Spring.	VERB	0	To take control of; to seize by force or stratagem.
524	0	A big oil spot spread across the water.	VERB	4	To stretch out, open out  so that it more fully covers a given area of space.
525	0	The rubber ball bounced.	VERB	3	To change the direction of motion after hitting an obstacle.
526	1	She captured all the men's hearts.	VERB	1	To take control of; to seize by force or stratagem.
527	1	The cancer had invaded her lungs.	VERB	3	To move into.
528	0	The garbage flushed down the river.	VERB	2	To cause to take flight from concealment.
529	1	my brain is swimming after the bottle of champagne.	VERB	3	To move through the water, without touching the bottom; to propel oneself in water by natural means.
530	0	The enemy exploded the bridge.	VERB	2	To destroy with an explosion.
531	0	The cooling lava continued to gutter toward lower ground.	VERB	5	To flow or stream; to form gutters.
532	0	Tears streamed down her face.	VERB	1	To flow in a continuous or steady manner, like a liquid.
533	0	The crocodile was crawling along the riverbed.	VERB	3	To creep; to move slowly on hands and knees, or by dragging the body along the ground.
534	0	This mushrooms can poison.	VERB	3	To use poison to kill or paralyse .
535	0	John compared his haircut to his friend's.	VERB	1	To assess the similarities and differences between two or more things . Having made the comparison of X with Y, one might have found it similar to Y or different from Y.
536	1	The current boom in the economy sucked many workers in from abroad.	VERB	6	To use the mouth and lips to pull in .
537	0	All our planets condensed out of the same material.	VERB	3	To concentrate toward the essence by making more close, compact, or dense, thereby decreasing size or volume.
538	1	These big jets are tied to large airports.	VERB	4	To twist  around itself securely.
539	1	The new moon peeped through the tree tops.	VERB	3	To make a soft, shrill noise like a baby bird.
540	0	The athlete pumps weights in the gym.	VERB	2	To use a pump to move .
541	0	Drive carefully -- the wet road reflects.	VERB	6	To bend back  from a surface.
542	1	The salesman is aggressively pushing the new computer model.	VERB	4	To apply a force to  such that it moves away from the person or thing applying the force.
543	0	Please use a computerized disctionary.	VERB	3	To convert a manual function or system into a computer system.
544	1	He tacked together some verses.	VERB	1	To nail with a tack .
545	1	He always wears a smile.	VERB	2	To carry or have equipped on or about one's body, as an item of clothing, equipment, decoration, etc.
546	1	The crowd flowed out of the stadium.	VERB	2	To move as a fluid from one position to another.
547	0	The roofer began to gutter the buildings.	VERB	4	To flow or stream; to form gutters.
548	0	the mechanism jammed.	VERB	2	To get something stuck, often  in a confined space.
549	1	She had to recast her image to please the electorate in her home state.	VERB	3	To cast or throw again.
550	1	He heaped him with work.	VERB	1	To pile in a heap.
551	0	The needle pricked his skin.	VERB	2	To pierce or puncture slightly.
552	0	The parties negociated all night.	VERB	2	Obsolete form of negotiate.
553	0	She brushed the suit before hanging it back into the closet.	VERB	1	To clean with a brush.
554	0	The sun melted the ice.	VERB	2	To change  from a solid state to a liquid state, usually by a gradual heat.
555	0	He bowed before the King.	VERB	1	To play music on  instrument using a bow.
556	0	How do you spell this word?	VERB	3	To put under the influence of a spell; to affect by a spell; to bewitch; to fascinate; to charm.
557	0	The smoke clouded above the houses.	VERB	2	To become foggy or gloomy, or obscured from sight.
558	0	drift the boats downstream.	VERB	0	To move slowly, especially pushed by currents of water, air, etc.
559	1	The candidate ripped into his opponent mercilessly.	VERB	2	To divide or separate the parts of , by cutting or tearing; to tear off or out by violence.
560	1	The heat scorched the countryside.	VERB	2	To burn the surface of something so as to discolour it
561	1	Congress condensed the three- year plan into a six- month plan.	VERB	1	To concentrate toward the essence by making more close, compact, or dense, thereby decreasing size or volume.
562	1	The government bowed to the military pressure.	VERB	2	To play music on  instrument using a bow.
563	1	We rotate the lead soprano every night.	VERB	1	To spin, turn, or revolve.
564	1	harmonize one's goals with one's abilities.	VERB	0	To be in harmonious agreement.
565	1	You have shipwrecked my career.	VERB	2	To wreck a boat through a collision or mishap.
566	0	The husband drinks and beats his wife.	VERB	2	To consume  through the mouth.
567	0	They tried to recapture the escaped prisoner.	VERB	3	To capture something for a second or subsequent time, especially after a loss.
568	0	The policeman downed the heavily armed suspect.	VERB	2	To knock  down; to cause to come down, to fell.
569	1	The distinction between the two theories blurred.	VERB	6	To make indistinct or hazy, to obscure or dim.
570	0	engraved the trophy cupt with the winner's.	VERB	0	To carve text or symbols into , usually for the purposes of identification or art.
571	1	My personal feelings color my judgment in this case.	VERB	3	To give something color.
572	1	The comedian convulsed the crowd.	VERB	2	To violently shake or agitate.
573	0	He never acknowledges his colleagues when they run into him in the hallway.	VERB	2	To admit the knowledge of; to recognize as a fact or truth; to declare one's belief in
574	1	The guy hanging around the school is pushing drugs.	VERB	7	To apply a force to  such that it moves away from the person or thing applying the force.
575	0	Her violent feelings palpitated the young woman's heart.	VERB	3	To beat strongly or rapidly; said especially of the heart.
576	0	paste the sign on the wall.	VERB	0	To stick with paste; to cause to adhere by or as if by paste.
577	0	Planes buzzed the crowds in the square.	VERB	1	To make a low, continuous, humming or sibilant sound, like that made by bees with their wings.
578	0	He peeped at the woman through the window.	VERB	1	To make a soft, shrill noise like a baby bird.
579	1	The critic snorted contemptuously.	VERB	2	To make a snort; to exhale roughly through the nose.
580	0	The hunters traced the deer into the woods.	VERB	2	To follow the trail of.
581	0	spot the areas that one should clearly identify.	VERB	0	To see, find; to pick out, notice, locate, distinguish or identify.
582	1	The ex- slave tasted freedom shortly before she died.	VERB	3	To sample the flavor of something orally.
583	1	lay the foundation for a new health care plan.	VERB	0	To place down in a position of rest, or in a horizontal position.
584	0	The brothers sell shoes.	VERB	2	To transfer goods or provide services in exchange for money.
585	1	her resistance melted under his charm.	VERB	2	To change  from a solid state to a liquid state, usually by a gradual heat.
586	0	There are marshes that stagnate the waters.	VERB	4	To cease motion, activity, or progress:
587	1	He landed several blows on his opponent's head.	VERB	1	To descend to a surface, especially from the air.
588	1	The bad news shook her hopes.	VERB	3	To cause  to move rapidly in opposite directions alternatingly.
589	1	the sky flushed with rosy splendor.	VERB	2	To cause to take flight from concealment.
590	1	Fire had devoured our home.	VERB	2	To eat quickly, greedily, hungrily, or ravenously.
591	0	just steam the vegetables.	VERB	1	To cook with steam.
592	1	The vestiges of political democracy were soon uprooted.	VERB	7	
593	1	Some nice results emerged from the study.	VERB	3	To come into view.
594	1	The press was gagged.	VERB	3	To experience the vomiting reflex.
595	1	This action reflects his true beliefs.	VERB	2	To bend back  from a surface.
596	1	He breathed new life into the old house.	VERB	1	To draw air into , and expel air from , the lungs in order to extract oxygen and excrete waste gases.
597	0	Curl my hair, please.	VERB	0	To cause to move in a curve.
598	0	Have you stuffed the turkey yet?	VERB	2	To fill by packing or crowding something into; to cram with something; to load to excess.
599	0	She was wearing yellow that day.	VERB	2	To carry or have equipped on or about one's body, as an item of clothing, equipment, decoration, etc.
600	1	The charges were inflated.	VERB	3	To enlarge an object by pushing air  into it; to raise or expand abnormally
601	0	She was singing while she was cooking.	VERB	2	To produce musical or harmonious sounds with oneâ€™s voice.
602	0	The seamstress ruffled the curtain fabric.	VERB	2	To make a ruffle in; to curl or flute, as an edge of fabric.
603	1	People were pouring out of the theater.	VERB	2	To cause  to flow in a stream, either out of a container or into it.
604	0	load the bags onto the trucks.	VERB	0	To put a load on or in .
605	0	The boy kicked the dog.	VERB	2	To strike or hit with the foot or other extremity of the leg.
606	1	the butter cream smothered the cake.	VERB	3	To suffocate; stifle; obstruct, more or less completely, the respiration of something or someone.
607	1	Our babysitter raided our refrigerator.	VERB	2	To engage in a raid against.
608	1	He squared his shoulders.	VERB	1	To adjust so as to align with or place at a right angle to something else; in particular:
609	0	We don't know the woman who posed for Leonardo so often.	VERB	6	To place in an attitude or fixed position, for the sake of effect.
610	0	The pilot kited for a long time over the mountains.	VERB	2	To assemble or collect something into kits or sets or to give somebody a kit. See also kit out and other derived phrases.
611	1	The mother was swelling with importance when she spoke of her son.	VERB	3	To become bigger, especially due to being engorged.
612	1	Make the people's hearts glow.	VERB	4	To emit light as if heated.
613	0	The children wrestled in the garden.	VERB	2	To contend, with an opponent, by grappling and attempting to throw, immobilize or otherwise defeat him, depending on the specific rules of the contest
614	0	The crowd pushed forward.	VERB	2	To apply a force to  such that it moves away from the person or thing applying the force.
615	0	The pirates raided the coastal villages regularly.	VERB	2	To engage in a raid against.
616	1	The tornado ripped along the coast.	VERB	2	To divide or separate the parts of , by cutting or tearing; to tear off or out by violence.
617	1	the workers spell every four hours.	VERB	2	To put under the influence of a spell; to affect by a spell; to bewitch; to fascinate; to charm.
618	0	The Chinese would bind the feet of their women.	VERB	3	To tie; to confine by any ligature.
619	1	He transformed into a monster.	VERB	1	To change greatly the appearance or form of.
620	1	The war uprooted many people.	VERB	2	
621	1	The debate sharpened.	VERB	2	To make sharp.
622	1	Her face glowed when she came out of the sauna.	VERB	2	To emit light as if heated.
623	1	Don't bolt your food!	VERB	1	To connect or assemble pieces using a bolt.
624	0	answer the telephone.	VERB	0	To make a reply or response to.
625	0	This nucleus has captured the slow- moving neutrons.	VERB	3	To take control of; to seize by force or stratagem.
626	0	They computerized the car industry.	VERB	1	To convert a manual function or system into a computer system.
627	1	She drowned her trouble in alcohol.	VERB	1	To die from suffocation while immersed in water or other fluid.
628	1	This story would lend itself well to serialization on television.	VERB	3	To allow to be used by someone temporarily, on condition that it or its equivalent will be returned.
629	0	The bell cracked and had to be recast.	VERB	7	To cast or throw again.
630	1	The press photographers besieged the movie star.	VERB	3	To beset or surround with armed forces for the purpose of compelling to surrender, to lay siege to, beleaguer.
631	1	He absorbed the knowledge or beliefs of his tribe.	VERB	1	To include so that it no longer has separate existence; to overwhelm; to cause to disappear as if by swallowing up; to incorporate; to assimilate; to take in and use up.
632	1	a man whose name is permanently stamped on our maps.	VERB	6	To step quickly and heavily, once or repeatedly.
633	0	The summer sun alone can cause a pine to blaze.	VERB	9	To be on fire, especially producing bright flames.
634	1	The sales tax is absorbed into the state income tax.	VERB	4	To include so that it no longer has separate existence; to overwhelm; to cause to disappear as if by swallowing up; to incorporate; to assimilate; to take in and use up.
635	0	She grabbed the child's hand and ran out of the room.	VERB	1	To grip suddenly; to seize; to clutch.
636	0	spread cheese on a piece of bread.	VERB	0	To stretch out, open out  so that it more fully covers a given area of space.
637	0	The drug smugglers landed the heroin on the beach of the island.	VERB	3	To descend to a surface, especially from the air.
638	1	The Senator steamrollered the bill to defeat.	VERB	2	To level a road using a steamroller.
639	0	The wind ruffled the surface of the water.	VERB	2	To make a ruffle in; to curl or flute, as an edge of fabric.
640	1	The bridge broke and precipitated the train into the river below.	VERB	4	To make something happen suddenly and quickly.
641	1	The tax cut will boost the economy.	VERB	4	To lift or push from behind ; to push up.
642	1	Hundreds of actors were melting into the scene.	VERB	4	To change  from a solid state to a liquid state, usually by a gradual heat.
643	0	This rare Bordeaux must be allowed to breathe for at least 2 hours.	VERB	7	To draw air into , and expel air from , the lungs in order to extract oxygen and excrete waste gases.
644	1	He wrestled all his life with his feeling of inferiority.	VERB	1	To contend, with an opponent, by grappling and attempting to throw, immobilize or otherwise defeat him, depending on the specific rules of the contest
645	1	He was showered with praise.	VERB	2	To spray with .
646	1	The boss exploded when he heard of the resignation of the secretary.	VERB	2	To destroy with an explosion.
